http://www.sydney.com/destinations/sydney/sydney-west/surrounds/attractions/ambrosia-olive-farm,Ambrosia Olive Farm
http://www.sydney.com/destinations/sydney/sydney-west/picton/attractions/antill-park-country-golf-club,Antill Park Country Golf Club
http://www.sydney.com/destinations/sydney/sydney-west/sydney-olympic-park/attractions/anz-stadium-9035264,ANZ Stadium
http://www.sydney.com/destinations/sydney/sydney-west/appin/attractions/appin-hotel,Appin Hotel
http://www.sydney.com/destinations/sydney/sydney-west/penrith/attractions/aqua-golf-penrith,Aqua Golf Penrith
http://www.sydney.com/destinations/sydney/sydney-west/penrith/attractions/arms-of-australia-inn-museum,Arms of Australia Inn Museum
http://www.sydney.com/destinations/sydney/sydney-west/surrounds/attractions/avon-dam,Avon Dam
http://www.sydney.com/destinations/sydney/sydney-west/surrounds/attractions/bargo-sports-club,Bargo Sports Club
http://www.sydney.com/destinations/sydney/sydney-west/appin/attractions/battlefun-laser-skirmish,Battlefun Laser Skirmish
http://www.sydney.com/destinations/sydney/sydney-west/camden/attractions/belgenny-farm,Belgenny Farm
http://www.sydney.com/destinations/sydney/sydney-west/surrounds/attractions/bellamy-fire-trail,Bellamy fire trail
http://www.sydney.com/destinations/sydney/sydney-west/surrounds/attractions/bents-basin-road-picnic-area,Bents Basin Road picnic area
http://www.sydney.com/destinations/sydney/sydney-west/penrith/attractions/bents-basin-state-conservation-area,Bents Basin State Conservation Area
http://www.sydney.com/destinations/sydney/sydney-west/sydney-olympic-park/attractions/bicentennial-park-sydney-olympic-park,Bicentennial Park - Sydney Olympic Park
http://www.sydney.com/destinations/sydney/sydney-west/sydney-olympic-park/attractions/birds-australia-discovery-centre,Birds Australia Discovery Centre
http://www.sydney.com/destinations/sydney/sydney-west/blacktown/attractions/blacktown-arts-centre,Blacktown Arts Centre
http://www.sydney.com/destinations/sydney/sydney-west/blacktown/attractions/blacktown-international-sportspark,Blacktown International Sportspark
http://www.sydney.com/destinations/sydney/sydney-west/blacktown/attractions/blacktown-skyline-drive-in,Blacktown Skyline Drive In
http://www.sydney.com/destinations/sydney/sydney-west/penrith/attractions/blue-mountains-honey-company-the-honey-shed,Blue Mountains Honey Company - The Honey Shed
http://www.sydney.com/destinations/sydney/sydney-west/surrounds/attractions/boyd-fine-art-gallery,Boyd  Gallery
http://www.sydney.com/destinations/sydney/sydney-west/sydney-olympic-park/attractions/brickpit-ring-walk,Brickpit Ring Walk
http://www.sydney.com/destinations/sydney/sydney-west/appin/attractions/broughton-pass,Broughton Pass
http://www.sydney.com/destinations/sydney/sydney-west/surrounds/attractions/burragorang-lookout-and-picnic-area,Burragorang lookout and picnic area
http://www.sydney.com/destinations/sydney/sydney-west/surrounds/attractions/burrawang-reach-picnic-area,Burrawang Reach picnic area
http://www.sydney.com/destinations/sydney/sydney-west/penrith/attractions/cables-wake-park,Cables Wake Park
http://www.sydney.com/destinations/sydney/sydney-west/penrith/attractions/cables-wake-park-penrith,Cables Wake Park Penrith
http://www.sydney.com/destinations/sydney/sydney-west/surrounds/attractions/caleys-lookout-track,Caleys lookout track
http://www.sydney.com/destinations/sydney/sydney-west/surrounds/attractions/calmsley-hill-city-farm,Calmsley Hill City Farm
http://www.sydney.com/destinations/sydney/sydney-west/camden/attractions/camden-golf-club,Camden Golf Club
http://www.sydney.com/destinations/sydney/sydney-west/camden/attractions/camden-historical-museum,Camden Historical Museum
http://www.sydney.com/destinations/sydney/sydney-west/surrounds/attractions/camden-lakeside-country-club,Camden Lakeside Country Club
http://www.sydney.com/destinations/sydney/sydney-west/campbelltown/attractions/campbelltown-arts-centre,Campbelltown Arts Centre
http://www.sydney.com/destinations/sydney/sydney-west/campbelltown/attractions/campbelltown-catholic-club,Campbelltown Catholic Club
http://www.sydney.com/destinations/sydney/sydney-west/campbelltown/attractions/campbelltown-craft-society,Campbelltown Craft Society
http://www.sydney.com/destinations/sydney/sydney-west/campbelltown/attractions/campbelltown-heritage-walk,Campbelltown Heritage Walk
http://www.sydney.com/destinations/sydney/sydney-west/surrounds/attractions/carter-creek-picnic-area,Carter Creek picnic area
http://www.sydney.com/destinations/sydney/sydney-west/surrounds/attractions/casula-powerhouse,Casula Powerhouse
http://www.sydney.com/destinations/sydney/sydney-west/appin/attractions/cataract-dam,Cataract Dam
http://www.sydney.com/destinations/sydney/sydney-west/surrounds/attractions/cattle-duffers-flat-picnic-area,Cattle Duffers Flat picnic area
http://www.sydney.com/destinations/sydney/sydney-west/blacktown/attractions/chang-lai-yuan-chinese-gardens,Chang Lai Yuan Chinese Gardens
http://www.sydney.com/destinations/sydney/sydney-west/surrounds/attractions/chipmunks-playland-and-cafe-villawood,Chipmunks Playland and Cafe Villawood
http://www.sydney.com/destinations/sydney/sydney-west/sydney-olympic-park/attractions/circus-arts-sydney,Circus Arts Sydney
http://www.sydney.com/destinations/sydney/sydney-west/parramatta/attractions/circus-opera-academy,Circus Opera Academy
http://www.sydney.com/destinations/sydney/sydney-west/surrounds/attractions/cogno-brothers-cobbitty-wines,Cogno Brothers - Cobbitty Wines
http://www.sydney.com/destinations/sydney/sydney-west/surrounds/attractions/commandment-rock-picnic-area,Commandment Rock picnic area
http://www.sydney.com/destinations/sydney/sydney-west/surrounds/attractions/cottonwood-glen-picnic-area,Cottonwood Glen picnic area
http://www.sydney.com/destinations/sydney/sydney-west/surrounds/attractions/couridjah-corridor-walk,Couridjah Corridor walk
http://www.sydney.com/destinations/sydney/sydney-west/appin/attractions/dharawal-national-park,Dharawal National Park
http://www.sydney.com/destinations/sydney/sydney-west/sydney-olympic-park/attractions/dive-into-history-at-sydney-olympic-park-aquatic-centre,Dive Into History at Sydney Olympic Park Aquatic Centre
http://www.sydney.com/destinations/sydney/sydney-west/campbelltown/attractions/dredges-cottage,Dredges Cottage
http://www.sydney.com/destinations/sydney/sydney-west/surrounds/attractions/durawi-picnic-area,Durawi picnic area
http://www.sydney.com/destinations/sydney/sydney-west/blacktown/attractions/eastern-creek-international-karting-raceway,Eastern Creek International Karting Raceway
http://www.sydney.com/destinations/sydney/sydney-west/parramatta/attractions/elizabeth-farm,Elizabeth Farm
http://www.sydney.com/destinations/sydney/sydney-west/camden/attractions/enduro-trail-mount-annan-botanic-garden,Enduro Trail Mount Annan Botanic Garden
http://www.sydney.com/destinations/sydney/sydney-west/surrounds/attractions/experiment-farm-cottage,Experiment Farm Cottage
http://www.sydney.com/destinations/sydney/sydney-west/campbelltown/attractions/fastlane-karting,Fastlane Karting
http://www.sydney.com/destinations/sydney/sydney-west/blacktown/attractions/featherdale-wildlife-park,Featherdale Wildlife Park
http://www.sydney.com/destinations/sydney/sydney-west/surrounds/attractions/female-orphan-school,Female Orphan School
http://www.sydney.com/destinations/sydney/sydney-west/surrounds/attractions/fitzpatrick-park,Fitzpatrick Park
http://www.sydney.com/destinations/sydney/sydney-west/campbelltown/attractions/freres-crossing-bushwalk,Freres Crossing Bushwalk
http://www.sydney.com/destinations/sydney/sydney-west/camden/attractions/fussy-grape-winery,Fussy Grape Winery
http://www.sydney.com/destinations/sydney/sydney-west/parramatta/attractions/gatehouse-tea-rooms,Gatehouse Tea Rooms
http://www.sydney.com/destinations/sydney/sydney-west/picton/attractions/george-4th-inn-and-scharers-little-brewery,George 4th Inn and Scharers Little Brewery
http://www.sydney.com/destinations/sydney/sydney-west/surrounds/attractions/girrahween-picnic-area,Girrahween picnic area
http://www.sydney.com/destinations/sydney/sydney-west/penrith/attractions/great-river-walk-penrith,Great River Walk Penrith
http://www.sydney.com/destinations/sydney/sydney-west/penrith/attractions/greater-blue-mountains-drive,Greater Blue Mountains drive
http://www.sydney.com/destinations/sydney/sydney-west/thirlmere/attractions/greater-blue-mountains-drive-wollondilly-trail,Greater Blue Mountains drive â€“ Wollondilly trail
http://www.sydney.com/destinations/sydney/sydney-west/parramatta/attractions/hambledon-cottage,Hambledon Cottage House Museum
http://www.sydney.com/destinations/sydney/sydney-west/thirlmere/attractions/heritage-pump-station,Heritage Pump Station
http://www.sydney.com/destinations/sydney/sydney-west/surrounds/attractions/horse-riding-in-sydney,Horse Riding in Sydney
http://www.sydney.com/destinations/sydney/sydney-west/surrounds/attractions/hotel-oaks,Hotel Oaks
http://www.sydney.com/destinations/sydney/sydney-west/appin/attractions/hume-and-hovell-monument-appin,Hume and Hovell Monument Appin
http://www.sydney.com/destinations/sydney/sydney-west/surrounds/attractions/hunters-hill-hotel,Hunters Hill Hotel
http://www.sydney.com/destinations/sydney/sydney-west/penrith/attractions/ifly-downunder,iFly Downunder
http://www.sydney.com/destinations/sydney/sydney-west/campbelltown/attractions/infusion-restaurant-bar-brewery,Infusion Restaurant Bar Brewery
http://www.sydney.com/destinations/sydney/sydney-west/campbelltown/attractions/japanese-gardens-and-teahouse-campbelltown,Japanese Gardens and Teahouse Campbelltown
http://www.sydney.com/destinations/sydney/sydney-west/surrounds/attractions/junction-walk,Junction walk
http://www.sydney.com/destinations/sydney/sydney-west/parramatta/attractions/lake-parramatta-reserve,Lake Parramatta Reserve
http://www.sydney.com/destinations/sydney/sydney-west/surrounds/attractions/langdale-farm,Langdale Farm
http://www.sydney.com/destinations/sydney/sydney-west/cabramatta/attractions/lansdowne-bridge,Lansdowne Bridge
http://www.sydney.com/destinations/sydney/sydney-west/surrounds/attractions/leacock-regional-park,Leacock Regional Park
http://www.sydney.com/destinations/sydney/sydney-west/surrounds/attractions/lilian-fraser-garden,Lilian Fraser Garden
http://www.sydney.com/destinations/sydney/sydney-west/surrounds/attractions/lizard-log,Lizard Log
http://www.sydney.com/destinations/sydney/sydney-west/camden/attractions/macarthur-centre-for-sustainable-living,Macarthur Centre for Sustainable Living
http://www.sydney.com/destinations/sydney/sydney-west/campbelltown/attractions/macarthur-grange-country-club,Macarthur Grange Country Club
http://www.sydney.com/destinations/sydney/sydney-west/camden/attractions/macarthur-park,Macarthur Park
http://www.sydney.com/destinations/sydney/sydney-west/campbelltown/attractions/macquarie-links-international-golf-club,Macquarie Links International Golf Club
http://www.sydney.com/destinations/sydney/sydney-west/penrith/attractions/mamre-house,Mamre House
http://www.sydney.com/destinations/sydney/sydney-west/campbelltown/attractions/mega-mini-golf,Mega Mini Golf
http://www.sydney.com/destinations/sydney/sydney-west/surrounds/attractions/mermaids-pools,Mermaids Pools
http://www.sydney.com/destinations/sydney/sydney-west/penrith/attractions/model-park,Model Park
http://www.sydney.com/destinations/sydney/sydney-west/surrounds/attractions/morgans-creek-picnic-area,Morgans Creek picnic area
http://www.sydney.com/destinations/sydney/sydney-west/campbelltown/attractions/muktigupteshwar-mandir-hindu-temple,Mukti-Gupteshwar Mandir Hindu Temple
http://www.sydney.com/destinations/sydney/sydney-west/penrith/attractions/muru-mittigar-aboriginal-cultural-and-education-centre,Muru Mittigar Aboriginal Cultural and Education Centre
http://www.sydney.com/destinations/sydney/sydney-west/penrith/attractions/museum-of-fire,Museum Of Fire
http://www.sydney.com/destinations/sydney/sydney-west/surrounds/attractions/nepean-dam,Nepean Dam
http://www.sydney.com/destinations/sydney/sydney-west/sydney-olympic-park/attractions/newington-armory-sydney-olympic-park,Newington Armory - Sydney Olympic Park
http://www.sydney.com/destinations/sydney/sydney-west/parramatta/attractions/nsw-lancers-memorial-museum-9045959,NSW Lancers Memorial Museum
http://www.sydney.com/destinations/sydney/sydney-west/blacktown/attractions/nurragingy-reserve,Nurragingy Reserve
http://www.sydney.com/destinations/sydney/sydney-west/surrounds/attractions/oakdale-workers-club,Oakdale Workers Club
http://www.sydney.com/destinations/sydney/sydney-west/parramatta/attractions/old-government-house-parramatta,Old Government House Parramatta
http://www.sydney.com/destinations/sydney/sydney-west/blacktown/attractions/parklea-markets,Parklea Markets
http://www.sydney.com/destinations/sydney/sydney-west/parramatta/attractions/parramatta-artists-studios,Parramatta Artists Studios
http://www.sydney.com/destinations/sydney/sydney-west/parramatta/attractions/parramatta-park,Parramatta Park
http://www.sydney.com/destinations/sydney/sydney-west/penrith/attractions/penrith-valley,Penrith
http://www.sydney.com/destinations/sydney/sydney-west/penrith/attractions/penrith-golf-and-recreation-club,Penrith Golf and Recreation Club
http://www.sydney.com/destinations/sydney/sydney-west/penrith/attractions/penrith-lakes-scheme,Penrith Lakes Scheme
http://www.sydney.com/destinations/sydney/sydney-west/penrith/attractions/penrith-panthers,Penrith Panthers
http://www.sydney.com/destinations/sydney/sydney-west/penrith/attractions/penrith-regional-gallery-and-lewers-bequest,Penrith Regional Gallery and Lewers Bequest
http://www.sydney.com/destinations/sydney/sydney-west/penrith/attractions/penrith-showground-markets-wednesday,Penrith Showground Markets
http://www.sydney.com/destinations/sydney/sydney-west/penrith/attractions/penrith-skatel,Penrith Skatel
http://www.sydney.com/destinations/sydney/sydney-west/penrith/attractions/penrith-slot-car-and-hobby-centre,Penrith Slot Car and Hobby Centre
http://www.sydney.com/destinations/sydney/sydney-west/penrith/attractions/penrith-whitewater-stadium,Penrith Whitewater Stadium
http://www.sydney.com/destinations/sydney/sydney-west/picton/attractions/picton-botanical-gardens,Picton Botanical Gardens
http://www.sydney.com/destinations/sydney/sydney-west/picton/attractions/picton-bowling-club,Picton Bowling Club
http://www.sydney.com/destinations/sydney/sydney-west/picton/attractions/picton-hotel,Picton Hotel
http://www.sydney.com/destinations/sydney/sydney-west/picton/attractions/picton-karting-track,Picton Karting Track
http://www.sydney.com/destinations/sydney/sydney-west/picton/attractions/picton-railway-viaduct,Picton Railway Viaduct
http://www.sydney.com/destinations/sydney/sydney-west/blacktown/attractions/prospect-reservoir,Prospect Reservoir
http://www.sydney.com/destinations/sydney/sydney-west/thirlmere/attractions/railway-time-at-trainworks,Railway Time at Trainworks
http://www.sydney.com/destinations/sydney/sydney-west/surrounds/attractions/red-baron-adventure-flights,Red Baron Adventure Flights
http://www.sydney.com/destinations/sydney/sydney-west/penrith/attractions/regatta-park,Regatta Park
http://www.sydney.com/destinations/sydney/sydney-west/surrounds/attractions/ridge-walking-track,Ridge walking track
http://www.sydney.com/destinations/sydney/sydney-west/parramatta/attractions/riverside-brewing-co,Riverside Brewing Co
http://www.sydney.com/destinations/sydney/sydney-west/surrounds/attractions/riverside-organic-markets,Riverside Organic Markets
http://www.sydney.com/destinations/sydney/sydney-west/campbelltown/attractions/sculpture-garden-campbelltown,Sculpture Garden Campbelltown
http://www.sydney.com/destinations/sydney/sydney-west/blacktown/attractions/st-bartholomews-church-and-cemetery,St Bartholomews Church and Cemetery
http://www.sydney.com/destinations/sydney/sydney-west/appin/attractions/st-bedes-catholic-church,St Bedes Catholic Church
http://www.sydney.com/destinations/sydney/sydney-west/parramatta/attractions/st-johns-cathedral,St Johns Cathedral
http://www.sydney.com/destinations/sydney/sydney-west/appin/attractions/st-mark-the-evangelist-anglican-church,St Mark the Evangelist Anglican Church
http://www.sydney.com/destinations/sydney/sydney-west/penrith/attractions/st-stephens-anglican-church,St Stephens Anglican Church
http://www.sydney.com/destinations/sydney/sydney-west/campbelltown/attractions/sugarloaf-horse-centre,Sugarloaf Horse Centre
http://www.sydney.com/destinations/sydney/sydney-west/penrith/attractions/sun-masamune-sake-brewery,Sun Masamune Sake Brewery
http://www.sydney.com/destinations/sydney/sydney-west/blacktown/attractions/sydney-dragway,Sydney Dragway
http://www.sydney.com/destinations/sydney/sydney-west/penrith/attractions/sydney-international-regatta-centre,Sydney International Regatta Centre
http://www.sydney.com/destinations/sydney/sydney-west/blacktown/attractions/sydney-motorsport-park-eastern-creek,Sydney Motorsport Park, Eastern Creek
http://www.sydney.com/destinations/sydney/sydney-west/sydney-olympic-park/attractions/sydney-olympic-park-aquatic-centre,Sydney Olympic Park Aquatic Centre
http://www.sydney.com/destinations/sydney/sydney-west/sydney-olympic-park/attractions/sydney-olympic-park-archery-centre,Sydney Olympic Park Archery Centre
http://www.sydney.com/destinations/sydney/sydney-west/surrounds/attractions/tahmoor-inn,Tahmoor Inn
http://www.sydney.com/destinations/sydney/sydney-west/penrith/attractions/tandem-jetpacks,Tandem Jetpacks
http://www.sydney.com/destinations/sydney/sydney-west/camden/attractions/the-australian-botanic-garden-mount-annan,The Australian Botanic Garden Mount Annan
http://www.sydney.com/destinations/sydney/sydney-west/penrith/attractions/the-rock-lookout,The Rock Lookout
http://www.sydney.com/destinations/sydney/sydney-west/parramatta/attractions/the-roxy,The Roxy
http://www.sydney.com/destinations/sydney/sydney-west/penrith/attractions/thomas-the-tank-engine-at-vicarys-winery,The Train Shed Thomas The Tank Engine Rides
http://www.sydney.com/destinations/sydney/sydney-west/campbelltown/attractions/the-wizard-of-oz-funland,The Wizard of Oz Funland
http://www.sydney.com/destinations/sydney/sydney-west/thirlmere/attractions/thirlmere-lakes-national-park,Thirlmere Lakes National Park
