http://www.sydney.com/events/2013-telstra-premiership,2014 Telstra Premiership
http://www.sydney.com/events/journeys-at-hambledon-cottage-house-museum,Journeys at Hambledon Cottage House Museum
http://www.sydney.com/events/the-presidents-from-jfk-to-obama,The Presidents: from JFK to Obama
http://www.sydney.com/events/imaging-australia-in-black-and-white-newspaper-illustration-1880-1940,Imaging Australia in Black and White: Newspaper Illustration 1880 - 1940
http://www.sydney.com/events/parramatta-winterlight,Parramatta Winterlight
http://www.sydney.com/events/kids-in-the-park-9050209,Kids in the Park
http://www.sydney.com/events/a-hambledon-cottage-house-museum,A Hambledon Cottage House Museum
http://www.sydney.com/events/the-life-and-times-of-governor-arthur-phillip-at-hambledon-cottage-house-museum,The Life and Times of Governor Arthur Phillip at Hambledon Cottage House Museum
http://www.sydney.com/events/cumberland-gang-show-imagine-musical-variety-performance,Cumberland Gang Show - Imagine Musical Variety Performance
http://www.sydney.com/events/shannons-nationals,Shannons Nationals
http://www.sydney.com/events/go-photoloco-at-trainworks,Photo-Loco at Trainworks - In Steam!
http://www.sydney.com/events/want-to-learn-about-history-parramatta-and-district-historical-society,Want to Learn about History ? - Parramatta and District Historical Society
http://www.sydney.com/events/ghost-night-at-old-government-house-parramatta,Ghost Night at Old Government House, Parramatta
http://www.sydney.com/events/casula-powerhouse-arts-centre-binns-and-valamanesh,Casula Powerhouse Arts Centre - Binns and Valamanesh
http://www.sydney.com/events/ghost-tours-at-st-bartholomews-church-and-cemetery,Ghost Tours at St Bartholomews Church and Cemetery
http://www.sydney.com/events/markets-panthers,Markets @ Panthers
http://www.sydney.com/events/richard-iii-at-riverside-theatres,Richard III at Riverside Theatres
http://www.sydney.com/events/international-ice-hockey-usa-versus-canada,International Ice Hockey - USA versus Canada
http://www.sydney.com/events/queen-of-hearts-monthly-markets,Queen of Hearts Monthly Markets
http://www.sydney.com/events/glenmore-park-monthly-markets-9043338,Glenmore Park Monthly Markets
http://www.sydney.com/events/chand-raat-eid-festival-cref,Chand Raat Eid Festival - CREF
http://www.sydney.com/events/eid-dayout-festival,Eid Day-Out Festival
http://www.sydney.com/events/country-and-regional-living-expo,Country and Regional Living Expo
http://www.sydney.com/events/want-to-talk-about-family-history-hambledon-cottage-house-museum,Want to Talk about Family History ? - Hambledon Cottage House Museum
http://www.sydney.com/events/learn-your-history-while-you-lunch-parramatta-and-district-historical-society,Learn Your History Saturday - Parramatta and District Historical Society
http://www.sydney.com/events/cobbitty-village-markets,Cobbitty Village Markets
http://www.sydney.com/events/picton-markets,Picton Markets
http://www.sydney.com/events/mozart-meets-indiana-jones-in-the-magic-flute,Mozart meets Indiana Jones in the Magic Flute
http://www.sydney.com/events/rocky-trails-shimano-mtb-grand-prix-round-1,SHIMANO Mountain Bike GP Round 4 Mt Annan
http://www.sydney.com/events/the-dreamers-market-autumn-2014,The Dreamers Market
http://www.sydney.com/events/foxtel-aleague-all-stars-v-juventus,Foxtel A-League All Stars v Juventus
http://www.sydney.com/events/multicultural-eid-festival-and-fair-2014,Multicultural Eid Festival and Fair 2014
http://www.sydney.com/events/bledisloe-cup-qantas-wallabies-vs-all-blacks,Bledisloe Cup - Qantas Wallabies vs All Blacks
http://www.sydney.com/events/the-kings-spring-festival-2014-and-kings-35th-annual-art-show-weekend,The King’s Spring Festival 2014 and King’s 35th Annual Art Show Weekend
http://www.sydney.com/events/v8-supercars-sydney-motorsport-park-400,V8 Supercars Sydney Motorsport Park 400
http://www.sydney.com/events/book-expo-australia,Book Expo Australia
http://www.sydney.com/events/129-years-of-military-and-sydney-community-history-street-pageant,129 Years of Military and Sydney Community History Street Pageant
http://www.sydney.com/events/parkinson39s-nsw-unity-walk-amp-run,Parkinsons NSW Unity Walk and Run
http://www.sydney.com/events/singletrack-mind-series-round-four,Singletrack Mind Series Round Four
http://www.sydney.com/events/riverfest,Riverfest
http://www.sydney.com/events/penrith-caravan-camping-and-holiday-expo,Penrith Caravan Camping and Holiday Expo
http://www.sydney.com/events/lachlan-macquarie-and-the-73rd-regiment-at-hambledon-cottage-house-museum,Lachlan Macquarie and the 73rd Regiment at Hambledon Cottage House Museum
http://www.sydney.com/events/australian-international-scuba-and-underwater-sports-expo,Australian International SCUBA and Underwater Sports Expo
http://www.sydney.com/events/de-bortoli-wines-golden-rose-day,De Bortoli Wines Golden Rose Day
http://www.sydney.com/events/2012-auburn-festival,Auburn Festival
http://www.sydney.com/events/hidden-a-rookwood-sculpture-walk,Hidden - A Rookwood Sculpture Walk
http://www.sydney.com/events/andrea-bocelli-2014-australian-tour,Andrea Bocelli 2014 Australian Tour
http://www.sydney.com/events/nsw-motor-racing-championship,NSW Motor Racing Championship
http://www.sydney.com/events/britney-spears-the-cabaret-parramatta,Britney Spears: The Cabaret - Parramatta
http://www.sydney.com/events/sydney-magic-festival,Sydney Magic Festival
http://www.sydney.com/events/golden-pendant-day,Golden Pendant Day
http://www.sydney.com/events/greater-western-sydney-and-blue-mountains-retirement-village-expo,Greater Western Sydney and Blue Mountains Retirement Village Expo
http://www.sydney.com/events/hmas-parramatta-ii-at-hambledon-cottage-house-museum,HMAS Parramatta II at Hambledon Cottage House Museum
http://www.sydney.com/events/eb-games-expo,EB Games Expo
http://www.sydney.com/events/tomtom-runner-western-sydney-marathon,Western Sydney Marathon
http://www.sydney.com/events/the-western-sydney-marathon,The Western Sydney Marathon
http://www.sydney.com/events/nrl-telstra-premiership-grand-final,NRL Telstra Premiership Grand Final
http://www.sydney.com/events/day-out-with-thomas-at-trainworks,Day Out With Thomas at Trainworks
http://www.sydney.com/events/bargo-public-school-fete,Bargo Public School Fete
http://www.sydney.com/events/pink-ribbon-motorcycle-ride,Pink Ribbon Motorcycle Ride
http://www.sydney.com/events/parramasala-9034152,Parramasala
http://www.sydney.com/events/world-time-attack-challenge-2012,World Time Attack Challenge 2014
http://www.sydney.com/events/great-endeavour-rally,Great Endeavour Rally
http://www.sydney.com/events/monster-jam,Monster Jam
http://www.sydney.com/events/campbelltown-steam-and-machinery-museum-field-day,Campbelltown Steam and Machinery Museum Field Day
http://www.sydney.com/events/warragamba-dam-fest,Dam Fest Warragamba
http://www.sydney.com/events/deepavali-fair,Deepavali Fair
http://www.sydney.com/events/doll-bear-and-craft-fair,Doll Bear and Craft Fair
http://www.sydney.com/events/campbelltown-city-festival-of-fishers-ghost,Campbelltown City Festival of Fishers Ghost
http://www.sydney.com/events/sydney-dragway-event,Sydney Dragway
http://www.sydney.com/events/kids-day-out-2014-halloween-fest,Kids Day Out 2014 - Halloween Fest
http://www.sydney.com/events/santa-visits-trainworks,Santa Visits Trainworks
http://www.sydney.com/events/cellarbrations-girls-day-out,Cellarbrations Girls Day Out
http://www.sydney.com/events/the-carnival-of-miracles,The Carnival of Miracles
http://www.sydney.com/events/womens-triathlon-festival-penrith,Womens Triathlon Festival - Penrith
http://www.sydney.com/events/frog-day-at-wirrimbirra-sanctuary,Frog Day at Wirrimbirra Sanctuary
http://www.sydney.com/events/nsw-open-golf-championship,NSW Open Golf Championship
http://www.sydney.com/events/jetblack-twenty-four-hours-sydney-race,JetBlack 24 Hour Race
http://www.sydney.com/events/danish-christmas-fete,Danish Christmas Fete
http://www.sydney.com/events/v8-supercars-sydney-telstra-500,V8 Supercars Sydney 500
http://www.sydney.com/events/the-blacktown-city-art-prize-2014,The Blacktown City Art Prize 2014
http://www.sydney.com/events/mud-run,Mud Run
http://www.sydney.com/events/summer-showjumping-classic-csiw,Summer Showjumping Classic CSI-W
http://www.sydney.com/events/new-years-eve-campbelltown,New Years Eve Campbelltown
http://www.sydney.com/events/afc-asian-cup-2015-sydney-olympic-park,AFC Asian Cup 2015
http://www.sydney.com/events/apia-international-sydney,Apia International Sydney
http://www.sydney.com/events/kite-flying-festival-sydney-2015,Kite Flying Festival - Sydney  2015
http://www.sydney.com/events/sydney-international-wheelchair-tennis-open,Apia Wheelchair International Open 2015
http://www.sydney.com/events/australia-day-2015-celebrations-at-sydney-olympic-park,Australia Day 2015 Celebrations at Sydney Olympic Park
http://www.sydney.com/events/colour-me-rad,Colour Me Rad
http://www.sydney.com/events/thirlmere-festival-of-steam,Thirlmere Festival of Steam
http://www.sydney.com/events/diesel-day-9043277,Diesel Day
http://www.sydney.com/events/festival-of-steam-at-trainworks-9043281,Festival of Steam at Trainworks
http://www.sydney.com/events/tabcorp-inter-dominion-championship-final-meeting,Inter Dominion Championship Grand Final
http://www.sydney.com/events/nsw-begonia-society-annual-exhibition,NSW Begonia Society Annual Exhibition
http://www.sydney.com/events/sydney-craft-and-sewing-show,The Stitches and Craft Show
http://www.sydney.com/events/top-gear-festival-sydney,Top Gear Festival Sydney
http://www.sydney.com/events/the-campbelltown-city-challenge-walk,The Campbelltown City Challenge Walk
http://www.sydney.com/events/sydney-track-classic,Sydney Track Classic
http://www.sydney.com/events/ingleburn-alive,Ingleburn Alive
http://www.sydney.com/events/cake-bake-and-sweets-show,Cake Bake and Sweets Show
http://www.sydney.com/events/sydney-carnival,The BMW Sydney Carnival
http://www.sydney.com/events/sydney-symphony-in-parramatta-park,Sydney Symphony in Parramatta Park
http://www.sydney.com/events/cellarbrations-ladies-day,Cellarbrations Ladies Day
http://www.sydney.com/events/william39s-walk,William's Walk
http://www.sydney.com/events/sydney-international-rowing-regatta-world-rowing-down-under,Sydney International  Rowing Regatta 2014
http://www.sydney.com/events/sydney-royal-easter-show,Sydney Royal Easter Show
http://www.sydney.com/events/the-big-ride-4-parkinsons,The Big Ride 4 Parkinson’s
http://www.sydney.com/events/rosehill-guineas-day,Rosehill Guineas Day
http://www.sydney.com/events/devine-food-and-wine-festival,Devine Food and Wine Festival
http://www.sydney.com/events/camden-show,Camden Show
http://www.sydney.com/events/sydney-carnival-aami-golden-slipper-day,Tooheys New Golden Slipper Day
http://www.sydney.com/events/penrith-working-truck-show-and-family-fun-day,Sydneys Working Truck Show Penrith and Family Fun Day
http://www.sydney.com/events/the-premier39s-harmony-dinner,The Premier's Harmony Dinner
http://www.sydney.com/events/ferrari-racing-days-sydney,Ferrari Racing Days Sydney
http://www.sydney.com/events/the-live-smart-festival,The Live Smart Festival
http://www.sydney.com/events/nsw-caravan-camping-4wd-and-holiday-supershow,Caravan, Camping, RV and Holiday Supershow
http://www.sydney.com/events/cracker-night-2014-riverside-theatre,Cracker Night 2014 - Riverside Theatre
http://www.sydney.com/events/hunters-hill-food-and-wine-festival,Hunters Hill Food and Wine Festival
http://www.sydney.com/events/cebit-australia,CeBIT Australia
